{"time": null, "type": 1, "user": 1716929114, "tweet_id": "politifact14507", "id": 3682261167, "children": [{"time": 1495992303, "type": 2, "user": 4452722954, "tweet_id": 868880811126403072, "bot_score": 0.4540057291614072, "id": 4826485289, "children": [{"time": 1496018051, "type": 3, "user": 6552984229, "tweet_id": 868883113220358145, "bot_score": 0.1701324265302999, "id": 9017235616}]}]}