{"time": null, "type": 1, "user": 1716929114, "tweet_id": "politifact14402", "id": 5431807204, "children": [{"time": 1502079433, "type": 2, "user": 9774974552, "tweet_id": 894412086339543040, "bot_score": 0.041106740219567735, "id": 5012509486, "children": [{"time": 1502104663, "type": 3, "user": 9774974552, "tweet_id": 894412213124874240, "bot_score": 0.041106740219567735, "id": 5330947266}]}, {"time": 1502135605, "type": 2, "user": 7807842236, "tweet_id": 894647687575986176, "bot_score": null, "id": 7184726064}]}