{"time": null, "type": 1, "user": 1716929114, "tweet_id": "politifact780", "id": 1278924092, "children": [{"time": 1250826417, "type": 2, "user": 1395777940, "tweet_id": 3442686585, "bot_score": null, "id": 9668245654}, {"time": 1501011459, "type": 2, "user": 5259790454, "tweet_id": 889932677431738369, "bot_score": 0.06565556198004287, "id": 8719152992, "children": [{"time": 1501043532, "type": 3, "user": 5219711790, "tweet_id": 889961506082701312, "bot_score": 0.28378247513569405, "id": 6706765023}]}, {"time": 1532059365, "type": 2, "user": 7176319622, "tweet_id": 1020157034270994442, "bot_score": null, "id": 3185998671}, {"time": 1535325948, "type": 2, "user": 9725616242, "tweet_id": 1033858076040982528, "bot_score": null, "id": 1521433339}]}