{"time": null, "type": 1, "user": 1716929114, "tweet_id": "politifact4586", "id": 6963447647, "children": [{"time": 1297979929, "type": 2, "user": 3607961245, "tweet_id": 38356720107536384, "bot_score": null, "id": 9788258822, "children": [{"time": 1298006038, "type": 3, "user": 8711739562, "tweet_id": 38360533761531904, "bot_score": 0.04811366570775446, "id": 7393577045}, {"time": 1298014111, "type": 3, "user": 8634730753, "tweet_id": 38394395027836928, "bot_score": 0.3742667881821624, "id": 9601854554}]}]}