{"time": null, "type": 1, "user": 1716929114, "tweet_id": "politifact11552", "id": 7438777153, "children": [{"time": 1367500763, "type": 2, "user": 4100006188, "tweet_id": 329948231960244224, "bot_score": null, "id": 8363928804, "children": [{"time": 1367544483, "type": 3, "user": 4463247808, "tweet_id": 330025910159937537, "bot_score": 0.7855076010068447, "id": 6815981064}]}, {"time": 1367504153, "type": 2, "user": 9558240044, "tweet_id": 329962449887444994, "bot_score": null, "id": 4998720294}, {"time": 1368836513, "type": 2, "user": 6155848506, "tweet_id": 335550773981245440, "bot_score": 0.25152334764543, "id": 5173887090, "children": [{"time": 1368861736, "type": 3, "user": 5632529023, "tweet_id": 335550869137399808, "bot_score": 0.300816711527256, "id": 3646799833}]}, {"time": 1447471684, "type": 2, "user": 8153947072, "tweet_id": 665370586667839488, "bot_score": null, "id": 1244092614}]}