{"time": null, "type": 1, "user": 1716929114, "tweet_id": "politifact4275", "id": 7178783656, "children": [{"time": 1542576592, "type": 2, "user": 5922663639, "tweet_id": 1064269484649791490, "bot_score": 0.10328573467123618, "id": 9731730913, "children": [{"time": 1542601926, "type": 3, "user": 5922663639, "tweet_id": 1064270046388764673, "bot_score": 0.10328573467123618, "id": 4389294978, "children": [{"time": 1542601969, "type": 3, "user": 6562143214, "tweet_id": 1064270227150647304, "bot_score": 0.19466773728450495, "id": 8497586249}]}]}]}