{"time": null, "type": 1, "user": 1716929114, "tweet_id": "politifact182", "id": 5889202741, "children": [{"time": 1516976407, "type": 2, "user": 1387201388, "tweet_id": 956894522511736832, "bot_score": null, "id": 4126972256, "children": [{"time": 1517001857, "type": 3, "user": 6765095607, "tweet_id": 956895572299939841, "bot_score": 0.06078011352084069, "id": 1800397257}, {"time": 1519260397, "type": 3, "user": 2091337549, "tweet_id": 966368575303766016, "bot_score": 0.22179568769021463, "id": 8732418371}]}]}