{"time": null, "type": 1, "user": 1716929114, "tweet_id": "politifact12755", "id": 1654614704, "children": [{"time": 1479968308, "type": 2, "user": 7020370648, "tweet_id": 801671308232704000, "bot_score": 0.28378247513569405, "id": 8103073227}, {"time": 1486062732, "type": 2, "user": 2877958074, "tweet_id": 827233172408692736, "bot_score": 0.23633691139538376, "id": 5059887425, "children": [{"time": 1486088040, "type": 3, "user": 5751415047, "tweet_id": 827233626622423040, "bot_score": 0.0825396626774012, "id": 9143428076}]}, {"time": 1532316475, "type": 2, "user": 7134306598, "tweet_id": 1021235433739636737, "bot_score": 0.4540057291614072, "id": 2837249617}]}